{"cameraMode":{"drawMode":0,"name":"Shaded","section":"Shading Mode"},"sceneLighting":false,"audioPlay":false,"sceneViewState":{"m_AlwaysRefresh":false,"showFog":true,"showSkybox":false,"showFlares":true,"showImageEffects":true,"showParticleSystems":true,"showVisualEffectGraphs":true,"m_FxEnabled":true},"in2DMode":false,"pivot":{"x":0.07481503486633301,"y":0.10000002384185791,"z":-0.0681113600730896},"rotation":{"x":-0.1274368017911911,"y":0.3996770679950714,"z":-0.05641186237335205,"w":-0.9060720801353455},"size":2.790593385696411,"orthographic":false}