{"cameraMode":{"drawMode":0,"name":"Shaded","section":"Shading Mode"},"sceneLighting":true,"audioPlay":false,"sceneViewState":{"m_AlwaysRefresh":false,"showFog":true,"showSkybox":true,"showFlares":true,"showImageEffects":true,"showParticleSystems":true,"showVisualEffectGraphs":true,"m_FxEnabled":true},"in2DMode":false,"pivot":{"x":-0.2154567688703537,"y":0.2510146200656891,"z":0.056706029921770099},"rotation":{"x":-0.00007906796236056834,"y":0.9999281764030457,"z":-0.007809102069586515,"w":-0.010199280455708504},"size":0.8078955411911011,"orthographic":false}