{"cameraMode":{"drawMode":0,"name":"Shaded","section":"Shading Mode"},"sceneLighting":true,"audioPlay":false,"sceneViewState":{"m_AlwaysRefresh":false,"showFog":true,"showSkybox":true,"showFlares":true,"showImageEffects":true,"showParticleSystems":true,"showVisualEffectGraphs":true,"m_FxEnabled":true},"in2DMode":false,"pivot":{"x":0.6776400208473206,"y":1.4951642751693726,"z":1.1629799604415894},"rotation":{"x":-0.07485461980104447,"y":0.9077357649803162,"z":-0.18382738530635835,"w":-0.3696320056915283},"size":2.5008597373962404,"orthographic":false}