{"cameraMode":{"drawMode":0,"name":"Shaded","section":"Shading Mode"},"sceneLighting":true,"audioPlay":false,"sceneViewState":{"m_AlwaysRefresh":false,"showFog":true,"showSkybox":true,"showFlares":true,"showImageEffects":true,"showParticleSystems":true,"showVisualEffectGraphs":true,"m_FxEnabled":true},"in2DMode":false,"pivot":{"x":5.286520481109619,"y":3.2280001640319826,"z":3.463439464569092},"rotation":{"x":-0.17328724265098573,"y":0.28077057003974917,"z":-0.05160227045416832,"w":-0.9425971508026123},"size":1.4929182529449463,"orthographic":false}